{
  "results": [
    {
      "algorithm": "A*",
      "time": 0.0035851001739501953,
      "cost": 25.0,
      "routes": [
        [
          0
        ],
        [
          0,
          1,
          0
        ],
        [
          0
        ],
        [
          0,
          2,
          3,
          0
        ],
        [
          0
        ]
      ]
    },
    {
      "algorithm": "Greedy",
      "time": 0.0005338191986083984,
      "cost": 31.0,
      "routes": [
        [
          0,
          1,
          2,
          0
        ],
        [
          0,
          3,
          0
        ],
        [
          0
        ],
        [
          0
        ],
        [
          0
        ]
      ]
    },
    {
      "algorithm": "BFS",
      "time": 0.009389638900756836,
      "cost": 31.0,
      "routes": [
        [
          0,
          1,
          2,
          0
        ],
        [
          0,
          3,
          0
        ],
        [
          0
        ],
        [
          0
        ],
        [
          0
        ]
      ]
    }
  ]
}